"Libelle_utilisateur","Classe_Grist_ID","Code_Grist","Libelle_Grist","Annee_scolaire","Diplome_propose","Statut_propose","Periodes_Grist_IDs","Afficher_formulaire_PFMP","Niveau_confiance","Commentaire"
"1CAP CAR","1","1CAP_CAR","1CAP CAR","2026-2027 (déduite)","CAP_CAR","Scolaire ou Apprenti (choix utilisateur)","285","true","Correspondance exacte",""
"1CAR","3","1CAR","1CAR","2026-2027 (déduite)","BAC_PRO_CAR","Scolaire ou Apprenti (choix utilisateur)","26|34","true","Correspondance exacte",""
"1CIEL","4","1CIEL","1CIEL","2026-2027 (déduite)","BAC_PRO_CIEL","Scolaire ou Apprenti (choix utilisateur)","25|33","true","Correspondance exacte",""
"1MELEC","5","1MELEC","1MELEC","2026-2027 (déduite)","BAC_PRO_MELEC","Scolaire ou Apprenti (choix utilisateur)","28|36","true","Correspondance exacte",""
"1MP3D","7","1MP3D","1MP3D","2026-2027 (déduite)","BAC_PRO_MP3D","Scolaire ou Apprenti (choix utilisateur)","29|37","true","Correspondance exacte",""
"1MT","8","1MT","1MT","2026-2027 (déduite)","BAC_PRO_MT","Scolaire ou Apprenti (choix utilisateur)","30|38","true","Correspondance exacte",""
"1MVA1","9","1MVA1","1MVA1","2026-2027 (déduite)","BAC_PRO_MVA","Scolaire ou Apprenti (choix utilisateur)","27|35","true","Correspondance exacte",""
"1MVA2","10","1MVA2","1MVA2","2026-2027 (déduite)","BAC_PRO_MVA","Scolaire ou Apprenti (choix utilisateur)","27|35","true","Correspondance exacte",""
"1RMO","11","1RMO","1RMO","2026-2027 (déduite)","BAC_PRO_RMO","Scolaire ou Apprenti (choix utilisateur)","31|39","true","Correspondance exacte",""
"1RSP","12","1RSP","1RSP","2026-2027 (déduite)","BAC_PRO_RSP","Scolaire ou Apprenti (choix utilisateur)","32|40","true","Correspondance exacte",""
"2CAR","13","2CAR","2CAR","2026-2027 (déduite)","BAC_PRO_CAR","Scolaire ou Apprenti (choix utilisateur)","137","true","Correspondance exacte",""
"2MP3D","14","2MP3D","2MP3D","2026-2027 (déduite)","BAC_PRO_MP3D","Scolaire ou Apprenti (choix utilisateur)","140","true","Correspondance exacte",""
"2MTNE1","15","2MTNE1","2MTNE1","2026-2027 (déduite)","DIPLOME_A_DETERMINER_MTNE","Scolaire ou Apprenti (choix utilisateur)","141","true","Correspondance exacte","MTNE/REMI est une famille, pas un diplôme final validé."
"2MTNE2","16","2MTNE2","2MTNE2","2026-2027 (déduite)","DIPLOME_A_DETERMINER_MTNE","Scolaire ou Apprenti (choix utilisateur)","141","true","Correspondance exacte","MTNE/REMI est une famille, pas un diplôme final validé."
"2MVA1","17","2MVA1","2MVA1","2026-2027 (déduite)","BAC_PRO_MVA","Scolaire ou Apprenti (choix utilisateur)","138","true","Correspondance exacte",""
"2MVA2","18","2MVA2","2MVA2","2026-2027 (déduite)","BAC_PRO_MVA","Scolaire ou Apprenti (choix utilisateur)","138","true","Correspondance exacte",""
"2REMI1","19","2REMI1","2REMI1","2026-2027 (déduite)","DIPLOME_A_DETERMINER_REMI","Scolaire ou Apprenti (choix utilisateur)","139","true","Correspondance exacte","MTNE/REMI est une famille, pas un diplôme final validé."
"2REMI2","20","2REMI2","2REMI2","2026-2027 (déduite)","DIPLOME_A_DETERMINER_REMI","Scolaire ou Apprenti (choix utilisateur)","139","true","Correspondance exacte","MTNE/REMI est une famille, pas un diplôme final validé."
"TCAP CAR","23","TCAP_CAR","TCAP CAR","2026-2027 (déduite)","CAP_CAR","Scolaire ou Apprenti (choix utilisateur)","284|287","true","Correspondance exacte",""
"TCAR","24","TCAR","TCAR","2026-2027 (déduite)","BAC_PRO_CAR","Scolaire ou Apprenti (choix utilisateur)","10|62","true","Correspondance exacte",""
"TCIEL","25","TCIEL","TCIEL","2026-2027 (déduite)","BAC_PRO_CIEL","Scolaire ou Apprenti (choix utilisateur)","9|61","true","Correspondance exacte",""
"TMELEC","26","TMELEC","TMELEC","2026-2027 (déduite)","BAC_PRO_MELEC","Scolaire ou Apprenti (choix utilisateur)","12|64","true","Correspondance exacte",""
"TMP3D","28","TMP3D","TMP3D","2026-2027 (déduite)","BAC_PRO_MP3D","Scolaire ou Apprenti (choix utilisateur)","13|65","true","Correspondance exacte",""
"TMT","29","TMT","TMT","2026-2027 (déduite)","BAC_PRO_MT","Scolaire ou Apprenti (choix utilisateur)","14|66","true","Correspondance exacte",""
"TMVA1","30","TMVA1","TMVA1","2026-2027 (déduite)","BAC_PRO_MVA","Scolaire ou Apprenti (choix utilisateur)","11|63","true","Correspondance exacte",""
"TMVA2","31","TMVA2","TMVA2","2026-2027 (déduite)","BAC_PRO_MVA","Scolaire ou Apprenti (choix utilisateur)","11|63","true","Correspondance exacte",""
"TRMO","32","TRMO","TRMO","2026-2027 (déduite)","BAC_PRO_RMO","Scolaire ou Apprenti (choix utilisateur)","15|67","true","Correspondance exacte",""
"TRSP","33","TRSP","TRSP","2026-2027 (déduite)","BAC_PRO_RSP","Scolaire ou Apprenti (choix utilisateur)","16|68","true","Correspondance exacte",""
"1BTS CPI","","","","2026-2027 (déduite)","BTS_CPI","Scolaire ou Apprenti (choix utilisateur)","273","true","Classe introuvable","Classe absente de la table Classes."
"2BTS CPI","","","","2026-2027 (déduite)","BTS_CPI","Scolaire ou Apprenti (choix utilisateur)","","true","Classe introuvable","Classe absente de la table Classes. Aucune période scolaire officielle identifiée. Calendrier partagé Mixité trouvé dans les lignes ENT., sans Stage BTS scolaire."
"1BTS CPRP","","","","2026-2027 (déduite)","BTS_CPRP","Scolaire ou Apprenti (choix utilisateur)","272","true","Classe introuvable","Classe absente de la table Classes."
"2BTS CPRP","","","","2026-2027 (déduite)","BTS_CPRP","Scolaire ou Apprenti (choix utilisateur)","","true","Classe introuvable","Classe absente de la table Classes. Aucune période scolaire officielle identifiée. Calendrier partagé Mixité trouvé dans les lignes ENT., sans Stage BTS scolaire."
"1BTS MV","","","","2026-2027 (déduite)","BTS_MV","Scolaire ou Apprenti (choix utilisateur)","275|278","true","Classe introuvable","Classe absente de la table Classes. ID 278 est une période Stage BTS en modalité Mixité/apprentissage."
"2BTS MV","","","","2026-2027 (déduite)","BTS_MV","Scolaire ou Apprenti (choix utilisateur)","277","true","Classe introuvable","Classe absente de la table Classes."
"1BTS ELEC","39","","1BTS ELEC Alt","2026-2027 (déduite)","BTS_ELEC","Scolaire ou Apprenti (choix utilisateur)","274","true","Correspondance normalisée certaine",""
"2BTS ELEC","40","","2BTS ELEC Alt","2026-2027 (déduite)","BTS_ELEC","Scolaire ou Apprenti (choix utilisateur)","","true","Correspondance normalisée certaine","Aucune période scolaire officielle identifiée."
"1BTS CIEL","","","","2026-2027 (déduite)","BTS_CIEL","Scolaire ou Apprenti (choix utilisateur)","271","true","Classe introuvable","Classe absente de la table Classes."
"2BTS CIEL","","","","2026-2027 (déduite)","BTS_CIEL","Scolaire ou Apprenti (choix utilisateur)","","true","Classe introuvable","Classe absente de la table Classes. Aucune période scolaire officielle identifiée."
